City_ID,City,Lat,Lng,Max Temp,Humidity,Cloudiness,Wind Speed,Country,Date
0,ribeira grande,38.5167,-28.7,293.58,76,100,1.79,PT,1689543428
1,port saint john's,-31.6229,29.5448,289.58,60,20,3.09,ZA,1689543428
2,ust'-kulom,61.6864,53.6902,287.01,71,100,0.27,RU,1689543428
3,port-aux-francais,-49.35,70.2167,275.05,54,82,10.25,TF,1689543428
4,gorzyce,50.6672,21.8401,293.53,85,7,3.24,PL,1689543429
5,kodiak,57.79,-152.4072,287.88,72,75,4.63,US,1689543429
6,ushuaia,-54.8,-68.3,274.96,75,20,1.54,AR,1689543429
7,fort bragg,35.139,-79.006,307.29,53,20,4.63,US,1689543429
8,papatowai,-46.5619,169.4708,283.44,74,48,7.06,NZ,1689543429
9,kelibia,36.8476,11.0939,301.29,89,0,1.03,TN,1689543430
10,saguenay,48.4168,-71.0657,294.31,95,100,6.69,CA,1689543430
11,grand falls-windsor,48.9332,-55.6649,301.21,62,100,3.92,CA,1689543430
12,forster,-32.1667,152.5167,284.98,100,94,0.57,AU,1689543430
13,puerto natales,-51.7236,-72.4875,273.57,88,100,2.87,CL,1689543431
14,columbia,34.0007,-81.0348,307.86,53,20,2.57,US,1689543190
15,egilsstadir,65.2653,-14.3948,281.1,81,75,4.12,IS,1689543431
16,isafjordur,66.0755,-23.124,282.59,60,15,2.43,IS,1689543431
17,ebon,4.582,168.6964,301.15,77,95,4.96,MH,1689543431
18,yellowknife,62.456,-114.3525,296.44,46,75,8.23,CA,1689543432
19,ardesen,41.1911,40.9875,293.87,65,9,4.41,TR,1689543432
20,waitangi,-43.9535,-176.5597,283.61,96,95,1.79,NZ,1689543432
21,grytviken,-54.2811,-36.5092,266.96,74,19,2.09,GS,1689543432
22,callao,-12.0667,-77.15,295.31,64,100,6.17,PE,1689543433
23,touros,-5.1989,-35.4608,298.42,78,28,6.55,BR,1689543433
24,edinburgh of the seven seas,-37.0676,-12.3116,286.1,74,7,12.49,SH,1689543433
25,pavilosta,56.8879,21.1859,287.1,79,27,5.22,LV,1689543434
26,taulaga,-11.0553,-171.0883,301.22,76,76,7.44,AS,1689543434
27,acarau,-2.8856,-40.12,299.32,79,57,6.37,BR,1689543434
28,adamstown,-25.066,-130.1015,293.86,76,100,1.63,PN,1689543434
29,klaksvik,62.2266,-6.589,281.66,88,100,9.2,FO,1689543435
30,el granada,37.5027,-122.4694,311.99,65,20,8.75,US,1689543435
31,shingu,33.7333,135.9833,299.79,81,10,2.48,JP,1689543435
32,kill devil hills,36.0307,-75.676,305.15,78,40,4.63,US,1689543436
33,anadyr,64.75,177.4833,295.43,53,0,2.0,RU,1689543436
34,vila velha,-20.3297,-40.2925,297.12,77,0,3.09,BR,1689543225
35,remire-montjoly,4.9167,-52.2667,298.17,88,75,1.54,GF,1689543260
36,rudolstadt,50.7167,11.3333,292.27,54,6,2.17,DE,1689543437
37,bredasdorp,-34.5322,20.0403,285.79,85,89,3.0,ZA,1689543437
38,petropavlovsk-kamchatsky,53.0452,158.6483,285.48,100,75,2.0,RU,1689543437
39,albany,42.6001,-73.9662,300.51,81,100,0.89,US,1689542736
40,avarua,-21.2078,-159.775,296.18,73,40,1.03,CK,1689543437
41,lusambo,-4.9667,23.45,301.12,35,99,0.97,CD,1689543438
42,labrador city,52.9463,-66.9114,297.1,53,75,3.6,CA,1689543438
43,blackmans bay,-43.0167,147.3167,284.22,69,33,5.93,AU,1689543438
44,whitehorse,60.7161,-135.0538,298.2,30,20,6.71,CA,1689543386
45,machico,32.7,-16.7667,295.5,70,20,5.66,PT,1689543439
46,puerto ayora,-0.7393,-90.3518,304.13,90,53,2.24,EC,1689543439
47,iqaluit,63.7506,-68.5145,282.0,93,100,4.12,CA,1689543439
48,lihue,21.9789,-159.3672,300.73,70,100,5.66,US,1689543404
49,hawaiian paradise park,19.5933,-154.9731,300.95,73,40,3.09,US,1689543440
50,hammerfest,70.6634,23.6821,292.4,55,0,5.14,NO,1689543440
51,kisangani,0.5167,25.2,297.23,68,41,0.42,CD,1689543440
52,college,64.8569,-147.8028,294.37,66,75,1.54,US,1689543440
53,shahpura,27.3833,75.9667,300.51,79,70,2.33,IN,1689543441
54,utrik,11.2278,169.8474,300.91,80,48,6.39,MH,1689543441
55,bikenibeu village,1.3673,173.1241,303.13,74,20,2.57,KI,1689543441
56,port hedland,-20.3167,118.5667,286.18,50,6,3.6,AU,1689543442
57,iskateley,67.6803,53.1512,286.96,91,62,4.0,RU,1689543442
58,uturoa,-16.7333,-151.4333,298.83,67,1,3.71,PF,1689543442
59,kailua-kona,19.6406,-155.9956,301.64,74,40,3.6,US,1689543443
60,novosergiyevka,52.0934,53.6528,287.19,91,89,4.91,RU,1689543443
61,opuwo,-18.0607,13.84,290.0,30,0,5.0,NA,1689543443
62,sitka,57.0531,-135.33,288.09,82,100,0.0,US,1689543444
63,villa gesell,-37.2639,-56.973,281.51,83,61,6.75,AR,1689543444
64,badger,64.8,-147.5333,294.33,61,100,1.54,US,1689543444
65,suicheng,33.8963,117.9331,295.66,76,85,2.97,CN,1689543445
66,invercargill,-46.4,168.35,282.93,81,84,6.25,NZ,1689543445
67,woolgoolga,-30.1106,153.2007,287.62,79,23,5.25,AU,1689543324
68,berdigestyakh,62.0989,126.6992,285.26,59,6,1.22,RU,1689543445
69,bodaybo,57.8506,114.1933,290.11,77,5,1.0,RU,1689543445
70,lompoc,34.6391,-120.4579,300.29,72,40,3.09,US,1689543446
71,port elizabeth,-33.918,25.5701,285.31,94,0,2.06,ZA,1689543390
72,phan rang-thap cham,11.5667,108.9833,298.97,79,94,3.8,VN,1689543446
73,fortuna,40.5982,-124.1573,293.67,77,0,6.17,US,1689543446
74,ambon,-3.6954,128.1814,298.08,95,40,2.57,ID,1689543446
75,port lincoln,-34.7333,135.8667,281.3,79,0,3.12,AU,1689543447
76,jamestown,42.097,-79.2353,299.83,64,40,4.63,US,1689543447
77,richmond hill,43.8711,-79.4372,300.75,69,6,4.61,CA,1689543318
78,tiksi,71.6872,128.8694,278.58,89,100,2.88,RU,1689543447
79,san ignacio,17.1561,-89.0714,308.23,49,40,5.14,BZ,1689543448
80,mubarakpur,26.09,83.2922,302.46,75,100,4.03,IN,1689543448
81,luderitz,-26.6481,15.1594,291.3,42,3,3.77,NA,1689543448
82,winslow,35.0242,-110.6974,312.25,6,0,3.6,US,1689543449
83,novi pazar,43.1367,20.5122,294.9,82,0,1.26,RS,1689543449
84,bethel,41.3712,-73.414,298.45,88,100,3.28,US,1689543353
85,boca suno,-0.7167,-77.1333,297.92,71,83,0.97,EC,1689543449
86,talnakh,69.4865,88.3972,278.82,84,95,2.36,RU,1689543450
87,haiku-pauwela,20.9219,-156.3051,301.16,59,40,11.32,US,1689543450
88,enewetak,11.3474,162.3373,301.3,79,89,7.31,MH,1689543450
89,dudinka,69.4058,86.1778,279.05,74,93,4.75,RU,1689543450
90,ilulissat,69.2167,-51.1,278.16,93,100,2.06,GL,1689543451
91,zhaotong,27.3167,103.7167,286.07,81,0,0.54,CN,1689543451
92,nagornyy,52.7959,83.5498,286.46,97,11,3.2,RU,1689543451
93,fauske,67.2588,15.3918,287.56,85,100,2.58,NO,1689543451
94,luwuk,-0.9516,122.7875,297.04,90,100,2.6,ID,1689543451
95,birobidzhan,48.8,132.95,288.73,98,100,1.78,RU,1689543452
96,xingtai,37.0631,114.4942,298.64,38,0,2.15,CN,1689543452
97,tazacorte,28.629,-17.9293,296.01,84,100,7.2,ES,1689543452
98,klyuchi,52.2667,79.1667,288.07,86,30,3.22,RU,1689543452
99,lobito,-12.3481,13.5456,294.12,85,4,2.83,AO,1689543452
100,tiznit,29.5833,-9.5,294.6,71,3,0.43,MA,1689543453
101,la cruz,23.9167,-106.9,305.07,65,40,3.41,MX,1689543453
102,kibaya,-5.3,36.5667,285.21,74,0,2.02,TZ,1689543453
103,st. john's,47.5649,-52.7093,297.81,73,75,8.23,CA,1689543454
104,sao jose da coroa grande,-8.8978,-35.1478,297.36,81,4,4.0,BR,1689543454
105,syktyvkar,61.6764,50.8099,286.0,94,0,0.0,RU,1689543455
106,dinard,48.6314,-2.0614,288.5,79,0,1.54,FR,1689543455
107,sao gabriel da cachoeira,-0.1303,-67.0892,298.37,96,79,1.08,BR,1689543455
108,sidi okba,34.7451,5.8983,310.31,8,0,1.54,DZ,1689543456
109,san patricio,28.017,-97.5169,313.55,41,11,7.34,US,1689543456
110,mahina,-17.5065,-149.489,302.02,58,20,2.06,PF,1689543456
111,helena valley west central,46.6629,-112.0604,307.67,21,0,7.2,US,1689543457
112,kimbe,-5.5502,150.1429,300.75,74,46,3.8,PG,1689543457
113,lebu,-37.6167,-73.65,281.11,75,100,5.56,CL,1689543457
114,roma,43.2128,-75.4557,300.78,70,40,4.12,US,1689543457
115,longyearbyen,78.2186,15.6401,283.06,76,0,1.54,SJ,1689543458
116,lawrenceburg,38.0373,-84.8966,303.08,62,20,3.09,US,1689543458
117,sauteurs,12.2167,-61.6333,302.54,79,7,5.78,GD,1689543458
118,babolsar,36.7025,52.6576,299.34,71,21,3.91,IR,1689543459
119,hermanus,-34.4187,19.2345,287.24,83,97,3.56,ZA,1689543245
120,huarmey,-10.0681,-78.1522,295.42,75,13,5.48,PE,1689543459
121,ponta delgada,37.7333,-25.6667,293.55,73,75,1.03,PT,1689543332
122,kodinar,20.7903,70.7031,300.5,84,74,5.3,IN,1689543460
123,saipan,15.1355,145.701,302.54,100,40,5.66,MP,1689543460
124,weihai,37.5017,122.1136,296.37,75,100,1.51,CN,1689543460
125,bilibino,68.0546,166.4372,298.33,37,6,3.13,RU,1689543461
126,galliano,29.4422,-90.2992,309.15,56,40,4.63,US,1689543461
127,gadzhiyevo,69.2551,33.3362,285.44,81,85,1.37,RU,1689543461
128,olonkinbyen,70.9221,-8.7187,277.39,96,100,10.39,SJ,1689543461
129,retreat,38.8245,-85.8533,302.03,60,11,1.34,US,1689543461
130,afaahiti,-17.75,-149.2833,301.08,62,1,0.86,PF,1689543462
131,revda,56.801,59.9303,285.91,94,70,2.7,RU,1689543462
132,clinton,42.587,-82.9199,301.48,51,40,7.72,US,1689543184
133,ta`u,-14.2336,-169.5144,299.84,79,53,7.79,AS,1689543462
134,stanley,54.868,-1.6985,286.42,82,20,5.14,GB,1689543237
135,gidole,5.65,37.3667,288.28,61,92,1.49,ET,1689543463
136,mogadishu,2.0371,45.3438,298.14,82,74,8.4,SO,1689543387
137,somerset east,-32.7217,25.588,286.82,45,89,2.8,ZA,1689543463
138,wailua homesteads,22.0669,-159.378,300.39,76,100,5.66,US,1689543463
139,fish town,5.1964,-7.8756,295.07,99,70,1.24,LR,1689543464
140,port mathurin,-19.6833,63.4167,296.08,71,49,12.03,MU,1689543464
141,fale old settlement,-9.3852,-171.2468,301.65,75,50,7.21,TK,1689543464
142,sarupathar,26.1984,93.8094,297.51,99,100,1.29,IN,1689543465
143,vila franca do campo,37.7167,-25.4333,293.38,77,100,2.2,PT,1689543465
144,sakakah,29.9697,40.2064,308.91,12,0,7.5,SA,1689543465
145,novyye burasy,52.1324,46.0714,287.33,90,74,5.12,RU,1689543465
146,namibe,-15.1961,12.1522,292.64,77,0,2.59,AO,1689543466
147,vilyuchinsk,52.9306,158.4028,286.3,85,30,2.5,RU,1689543466
148,vorgashor,67.5833,63.95,287.79,88,93,3.26,RU,1689543466
149,kharp,66.8014,65.8081,288.91,72,93,3.08,RU,1689543466
150,rundu,-17.9333,19.7667,285.06,41,25,2.82,NA,1689543466
151,illapel,-31.6308,-71.1653,289.35,51,1,1.26,CL,1689543467
152,selty,57.3132,52.1345,288.19,71,97,3.36,RU,1689543467
153,muriti,-1.9833,32.9167,296.65,59,7,0.91,TZ,1689543467
154,lyepyel',54.8814,28.6932,291.01,70,99,3.07,BY,1689543467
155,selfoss,63.9331,-20.9971,284.84,65,51,3.73,IS,1689543467
156,punta arenas,-53.15,-70.9167,276.21,81,75,2.06,CL,1689543468
157,rongelap,11.1635,166.8941,301.34,76,94,6.18,MH,1689543468
158,muang phonsavan,19.45,103.2167,292.31,97,100,0.23,LA,1689543468
159,balaipungut,1.05,101.2833,296.87,88,91,0.57,ID,1689543468
160,taltal,-25.4,-70.4833,289.67,80,100,2.33,CL,1689543469
161,aginskoye,51.1,114.53,292.19,66,5,1.69,RU,1689543469
162,northam,51.0333,-4.2167,287.93,85,6,4.35,GB,1689543469
163,najran,17.4924,44.1277,302.51,24,52,2.68,SA,1689543197
164,aykhal,66.0,111.5,283.85,61,100,6.24,RU,1689543470
165,fengrun,39.8333,118.1167,296.48,66,0,1.43,CN,1689543470
166,zapala,-38.8992,-70.0544,273.84,69,100,3.52,AR,1689543470
167,alakurtti,66.9672,30.3491,287.62,70,99,1.61,RU,1689543470
168,la asuncion,11.0333,-63.8628,300.66,80,55,7.06,VE,1689543470
169,aceuchal,38.6712,-6.4963,296.23,25,0,4.01,ES,1689543471
170,lazaro cardenas,17.9583,-102.2,303.89,75,19,5.23,MX,1689543471
171,severo-yeniseyskiy,60.3725,93.0408,282.66,99,100,1.3,RU,1689543471
172,turkmenbasy,40.0222,52.9552,296.58,60,0,5.14,TM,1689543471
173,tolanaro,-25.0319,46.9987,293.19,83,20,4.12,MG,1689543472
174,lagoa vermelha,-28.2086,-51.5258,282.52,93,1,1.62,BR,1689543472
175,waingapu,-9.6567,120.2641,295.15,85,99,3.82,ID,1689543472
176,la passe,45.5549,-0.8967,291.47,75,50,1.73,FR,1689543472
177,west island,-12.1568,96.8225,298.14,65,100,5.14,CC,1689543472
178,colachel,8.1667,77.25,299.44,84,83,6.29,IN,1689543473
179,margaret river,-33.95,115.0667,288.07,92,68,4.79,AU,1689543473
180,koson,39.0375,65.585,297.33,18,0,4.64,UZ,1689543473
181,ust-nera,64.5667,143.2,285.1,60,76,3.47,RU,1689543473
182,peace river,56.2501,-117.286,298.32,53,100,3.09,CA,1689543473
183,mejit,10.2753,170.8646,301.17,77,83,5.13,MH,1689543474
184,neiafu,-18.65,-173.9833,295.53,83,75,4.63,TO,1689543474
185,constantia,44.1833,28.65,295.53,70,0,3.66,RO,1689543474
186,keflavik,64.0049,-22.5624,285.39,62,0,8.23,IS,1689543474
187,nova sintra,14.8667,-24.7167,296.08,84,83,3.12,CV,1689543474
188,camiri,-20.05,-63.5167,293.03,56,100,0.0,BO,1689543475
189,kone,-21.0595,164.8658,295.65,52,5,3.72,NC,1689543475
190,bridgewater,44.3835,-64.5155,299.32,84,98,6.17,CA,1689543475
191,tynda,55.1667,124.7167,291.07,75,76,0.63,RU,1689543475
192,belen,36.4891,36.2233,298.23,42,0,1.03,TR,1689543475
193,mamburao,13.25,120.6667,297.85,94,100,2.86,PH,1689543476
194,hamilton,39.1834,-84.5333,302.95,61,0,5.66,US,1689543414
195,puerto santa,-8.9906,-78.6456,295.32,79,16,5.9,PE,1689543476
196,puerto armuelles,8.2833,-82.8667,304.14,84,100,1.34,PA,1689543476
197,four corners,28.3329,-81.6474,301.4,93,99,3.98,US,1689543476
198,cassilandia,-19.1133,-51.7342,297.46,42,62,1.76,BR,1689543477
199,changtu,42.7788,124.0955,291.91,96,87,1.62,CN,1689543477
200,arraial do cabo,-22.9661,-42.0278,294.07,88,0,2.06,BR,1689543477
201,lata,40.1629,-8.3327,290.82,91,49,1.46,PT,1689543478
202,plouzane,48.3833,-4.6167,288.18,88,20,3.09,FR,1689543478
203,carutapera,-1.195,-46.02,297.53,93,57,3.0,BR,1689543478
204,mwene-ditu,-7.0,23.45,295.05,38,8,2.05,CD,1689543478
205,prado,-17.3411,-39.2208,295.16,87,10,2.71,BR,1689543479
206,katsuura,35.1333,140.3,299.72,82,100,1.68,JP,1689543479
207,sohbatpur,28.5202,68.5434,308.08,48,3,4.6,PK,1689543479
208,dryden,49.7833,-92.7503,290.31,82,40,3.6,CA,1689543479
209,sisimiut,66.9395,-53.6735,280.61,95,100,2.31,GL,1689543480
210,laguna,38.421,-121.4238,317.14,25,0,2.57,US,1689543480
211,verin,41.9415,-7.4381,289.57,68,66,2.39,ES,1689543480
212,sindirgi,39.2413,28.1784,294.34,70,0,1.72,TR,1689543480
213,chonchi,-42.6128,-73.8092,278.71,88,5,1.17,CL,1689543480
214,kirensk,57.7853,108.1119,288.91,92,100,0.93,RU,1689543480
215,tanout,14.9709,8.8879,303.83,42,13,8.23,NE,1689543481
216,buchanan,5.8808,-10.0467,297.78,89,92,3.01,LR,1689543481
217,monte caseros,-30.2536,-57.6363,282.01,65,6,3.4,AR,1689543481
218,isla vista,34.4133,-119.861,309.35,54,20,3.6,US,1689543481
219,martapura,-3.4167,114.85,297.2,100,75,1.54,ID,1689543482
220,gurupa,-1.405,-51.64,298.42,82,61,0.83,BR,1689543482
221,sidney,-33.8679,151.2073,286.08,92,75,3.6,AU,1689543376
222,alice springs,-23.7,133.8833,277.9,93,10,0.0,AU,1689543482
223,san sebastian de la gomera,28.0916,-17.1133,297.35,64,40,2.57,ES,1689543483
224,dunedin,-45.8742,170.5036,284.15,50,23,0.45,NZ,1689543483
225,nemuro,43.3236,145.575,286.03,93,100,2.89,JP,1689543483
226,chibougamau,49.9168,-74.3659,294.94,78,100,6.17,CA,1689543484
227,lucapa,-8.4192,20.7447,294.19,28,3,2.35,AO,1689543484
228,sal rei,16.1833,-22.9167,299.11,81,43,3.88,CV,1689543484
229,atafu village,-8.5421,-172.5159,301.8,73,63,6.74,TK,1689543484
230,tikapur,28.5,81.1333,300.36,85,96,1.55,NP,1689543485
231,farmington,36.7281,-108.2187,313.28,36,0,3.09,US,1689543485
232,gornyy,55.1153,83.9059,285.5,96,16,1.95,RU,1689543485
233,hotan,37.0997,79.9269,303.22,15,91,3.79,CN,1689543485
234,qashyr,53.0675,76.1036,287.44,94,77,2.99,KZ,1689543486
235,nuuk,64.1835,-51.7216,282.49,100,100,8.23,GL,1689543486
236,basco,20.4487,121.9702,302.65,78,100,1.46,PH,1689543486
237,goundam,16.4145,-3.6708,304.41,50,74,2.46,ML,1689543486
238,pedra azul,-16.0053,-41.2972,291.21,84,4,2.24,BR,1689543339
239,zouerate,22.7187,-12.4521,305.81,21,0,6.15,MR,1689543487
240,greenville,35.6127,-77.3663,306.24,65,40,2.57,US,1689543346
241,forest,37.3638,-79.2897,305.18,58,20,4.17,US,1689543487
242,cold lake,54.4502,-110.2017,296.12,46,100,4.12,CA,1689543487
243,'ali al gharbi,32.4633,46.6864,310.33,7,0,2.83,IQ,1689543488
244,gillette,44.2911,-105.5022,305.43,26,0,5.66,US,1689543350
245,qaqortoq,60.7167,-46.0333,280.09,91,100,0.58,GL,1689543488
246,swan hill,-35.3378,143.5544,277.53,91,0,1.53,AU,1689543488
247,saint-pierre,-21.3393,55.4781,293.97,78,0,3.09,RE,1689543489
248,port augusta,-32.5,137.7667,279.1,56,1,1.15,AU,1689543489
249,new norfolk,-42.7826,147.0587,284.87,67,72,4.76,AU,1689543489
250,glace bay,46.1969,-59.957,299.87,75,75,6.69,CA,1689543489
251,izhevsk,56.85,53.2333,288.78,81,82,0.89,RU,1689543490
252,storm lake,42.6411,-95.2097,298.73,60,0,3.6,US,1689543490
253,inhambane,-23.865,35.3833,291.0,72,5,0.89,MZ,1689543491
254,yarmouth,41.7057,-70.2286,299.41,91,100,6.69,US,1689543491
255,georgetown,5.4112,100.3354,300.11,92,40,2.24,MY,1689543492
256,cannonvale,-20.2833,148.7,291.81,78,67,6.51,AU,1689543492
257,yokadouma,3.5167,15.05,297.2,85,83,0.58,CM,1689543493
258,hobyo,5.3505,48.5268,298.14,81,21,12.15,SO,1689543493
259,grande prairie,55.1667,-118.8027,297.25,46,75,1.03,CA,1689543383
260,cidreira,-30.1811,-50.2056,285.3,79,93,4.32,BR,1689543494
261,poronaysk,49.2167,143.1167,286.32,93,100,1.22,RU,1689543494
262,vershino-darasunskiy,52.35,115.5167,290.82,65,13,1.11,RU,1689543494
263,tsiombe,-25.3,45.4833,290.39,70,0,0.47,MG,1689543495
264,thompson,55.7435,-97.8558,288.24,82,100,1.54,CA,1689543495
265,kamianske,48.5113,34.6021,291.09,57,0,1.31,UA,1689543495
266,bakchar,57.0186,82.0711,284.73,97,13,2.86,RU,1689543496
267,maposeni,-10.5833,35.4,288.68,62,1,1.05,TZ,1689543496
268,degache,33.9761,8.2081,310.33,9,0,0.51,TN,1689543496
269,port-gentil,-0.7193,8.7815,296.13,88,20,3.6,GA,1689543497
270,guangyuan,32.442,105.823,294.7,92,0,1.13,CN,1689543497
271,minas de marcona,-15.2119,-75.1103,289.09,66,39,4.75,PE,1689543498
272,tromso,69.6496,18.957,289.16,82,75,1.54,NO,1689543498
273,daru,-9.0763,143.2092,298.04,84,95,5.91,PG,1689543498
274,laghouat,33.8,2.8651,302.83,9,0,3.68,DZ,1689543499
275,twin lakes,39.825,-105.0047,305.86,31,40,2.57,US,1689543499
276,westport,41.1415,-73.3579,299.14,89,20,0.45,US,1689543329
277,pudasjarvi,65.3833,26.9167,291.07,64,100,3.34,FI,1689543500
278,meadow lakes,61.6247,-149.6011,288.0,91,100,1.34,US,1689543500
279,hami,42.8,93.45,305.63,13,0,6.48,CN,1689543364
280,yugorsk,61.3133,63.3319,287.51,69,1,1.62,RU,1689543501
281,harpswell center,43.8018,-69.9842,297.06,89,100,6.26,US,1689543502
282,dire,12.2833,-10.9667,296.56,98,100,1.75,ML,1689543502
283,nema,57.5067,50.5011,286.74,71,88,2.92,RU,1689543502
284,khandyga,62.6667,135.6,286.61,69,83,2.27,RU,1689543503
285,codrington,-38.2667,141.9667,278.07,94,3,4.71,AU,1689543503
286,korla,41.7597,86.1469,305.06,17,3,5.7,CN,1689543503
287,soufriere,13.8562,-61.0566,301.96,82,75,10.29,LC,1689543504
288,yeppoon,-23.1333,150.7333,290.03,82,91,4.85,AU,1689543504
289,swift current,50.2834,-107.8014,295.6,40,0,2.06,CA,1689543438
290,kruisfontein,-34.0033,24.7314,286.41,57,81,1.71,ZA,1689543505
291,nosy varika,-20.5833,48.5333,291.44,83,24,2.14,MG,1689543505
292,san juan,-31.5375,-68.5364,283.54,36,0,4.56,AR,1689543506
293,cabedelo,-6.9811,-34.8339,296.52,83,7,5.82,BR,1689543214
294,jacutinga,-22.2856,-46.6122,290.2,62,6,0.81,BR,1689543506
295,bafq,31.6128,55.4107,305.57,12,0,3.29,IR,1689543507
296,terra santa,-2.1042,-56.4869,301.41,54,89,1.24,BR,1689543507
297,misratah,32.3754,15.0925,301.28,57,0,2.22,LY,1689543507
298,tantou,26.0314,119.5986,301.02,94,75,4.0,CN,1689543508
299,xinhui,22.456,113.0482,299.9,86,100,8.1,CN,1689543508
300,udachny,66.4167,112.4,283.4,61,100,4.41,RU,1689543508
301,sydney,-33.8679,151.2073,286.08,92,75,3.6,AU,1689543055
302,cockburn town,21.4612,-71.1419,301.71,82,1,7.3,TC,1689543509
303,iquique,-20.2208,-70.1431,292.17,76,20,2.1,CL,1689543504
304,trat,12.5,102.5,298.5,89,100,3.57,TH,1689543509
305,tonghae,37.5439,129.1069,297.36,85,52,1.79,KR,1689543510
306,hithadhoo,-0.6,73.0833,300.71,74,2,0.2,MV,1689543510
307,i-n-salah,27.1935,2.4607,309.52,6,0,7.77,DZ,1689543510
308,porto novo,6.4965,2.6036,300.05,86,100,3.59,BJ,1689543510
309,beledweyne,4.7358,45.2036,297.29,70,41,8.44,SO,1689543511
310,shakawe,-18.3667,21.85,284.93,46,4,2.62,BW,1689543511
311,guerrero negro,27.9769,-114.0611,299.99,54,89,6.12,MX,1689543511
312,kapuskasing,49.4169,-82.4331,298.2,41,75,3.6,CA,1689543511
313,cajamarca,-7.1638,-78.5003,293.19,49,75,3.09,PE,1689543512
314,novo aripuana,-5.1206,-60.3797,303.27,49,89,0.75,BR,1689543512
315,inongo,-1.95,18.2667,297.11,56,13,1.63,CD,1689543512
316,bayganin,48.6947,55.8742,292.43,59,19,6.87,KZ,1689543513
317,taroa,8.7058,171.2275,301.24,76,26,5.92,MH,1689543514
318,kumagunnam,13.1551,10.6342,305.2,38,72,1.99,NG,1689543514
319,pala,9.3642,14.9046,298.75,61,5,2.06,TD,1689543514
320,shizunai-furukawacho,42.3339,142.3669,292.89,96,100,1.75,JP,1689543514
321,makedonski brod,41.5136,21.2153,296.43,72,0,1.73,MK,1689543515
322,baoding,38.8511,115.4903,298.01,39,0,1.34,CN,1689543515
323,hailar,49.2,119.7,292.3,62,5,1.99,CN,1689543515
324,shibetsu,43.659,145.132,287.42,95,100,2.98,JP,1689543515
325,rakops,-21.0167,24.3333,286.33,37,50,3.04,BW,1689543516
326,awjilah,29.1081,21.2869,303.8,42,1,5.62,LY,1689543516
327,morehead city,34.7229,-76.726,306.16,86,0,8.23,US,1689543516
328,bamboo flat,11.7,92.7167,302.2,79,75,6.17,IN,1689543517
329,antonio enes,-16.2325,39.9086,294.69,76,0,4.14,MZ,1689543517
330,kirakira,-10.4544,161.9205,299.63,88,76,4.08,SB,1689543517
331,nar'yan-mar,67.6713,53.087,287.02,91,59,4.04,RU,1689543517
332,lawas,13.764,121.0566,299.57,87,100,1.22,PH,1689543518
333,al jaradiyah,16.5795,42.9124,308.87,51,32,1.68,SA,1689543518
334,colonia,50.9333,6.95,294.23,56,0,3.09,DE,1689543518
335,guli,28.8833,120.0333,297.65,94,83,1.25,CN,1689543518
336,bikin,46.8161,134.26,290.57,99,100,1.69,RU,1689543519
337,sevsk,52.1491,34.4926,289.55,77,62,2.73,RU,1689543519
338,tura,25.5198,90.2201,297.35,89,100,1.92,IN,1689543519
339,yanchep,-31.55,115.6833,283.22,80,14,2.94,AU,1689543519
340,akjoujt,19.6969,-14.4164,301.66,49,55,7.93,MR,1689543520
341,susuman,62.7833,148.1667,290.15,50,99,2.39,RU,1689543520
342,al mijlad,11.0333,27.7333,303.05,46,9,3.99,SD,1689543520
343,kaliganj,23.4095,89.1402,298.79,94,100,3.13,BD,1689543520
344,parun,35.4207,70.9221,287.14,60,1,4.36,AF,1689543521
345,tambopata,-12.7333,-69.1833,304.09,42,20,1.54,PE,1689543521
346,prince rupert,54.3161,-130.3201,289.2,86,100,3.09,CA,1689543521
347,san antonio de pale,-1.4014,5.6325,296.22,80,7,5.49,GQ,1689543521
348,pandan,14.0453,124.1694,299.75,85,97,4.06,PH,1689543522
349,alofi,-19.0595,-169.9187,293.09,94,100,5.14,NU,1689543522
350,saint-francois,46.4154,3.9054,291.84,72,0,0.0,FR,1689543522
351,mili,6.0815,171.735,301.09,71,44,6.13,MH,1689543522
352,metlili chaamba,32.2667,3.6333,305.67,9,0,2.06,DZ,1689543523
353,newman,37.3138,-121.0208,316.34,9,100,2.89,US,1689543523
354,issia,6.4922,-6.5856,295.57,99,100,1.29,CI,1689543523
355,usinsk,65.9939,57.5281,291.28,57,100,4.84,RU,1689543523
356,minatitlan,17.9833,-94.5167,302.2,89,40,5.14,MX,1689543524
357,kargasok,59.0556,80.8572,284.16,80,4,3.0,RU,1689543524
358,arteche,12.2645,125.4048,298.44,86,34,1.99,PH,1689543524
359,buala,-8.145,159.5921,300.11,84,100,2.44,SB,1689543524
360,padang,-0.9492,100.3543,297.18,87,48,1.65,ID,1689543525
361,moirang,24.5,93.7667,294.77,99,100,0.75,IN,1689543525
362,freetown,8.484,-13.2299,299.99,83,75,4.63,SL,1689543522
363,queenstown,-31.8976,26.8753,283.06,48,41,2.4,ZA,1689543525
364,vernal,40.4555,-109.5287,307.77,15,0,3.09,US,1689543525
365,dean funes,-30.4204,-64.3498,280.84,59,6,4.92,AR,1689543299
366,loukhi,66.0764,33.0381,288.72,73,97,2.78,RU,1689543526
367,puerto baquerizo moreno,-0.9,-89.6,299.7,74,75,6.69,EC,1689543526
368,coahuayana de hidalgo,18.7,-103.6583,307.04,57,56,3.21,MX,1689543526
369,zhumysker,49.3333,49.4,291.75,72,100,4.54,KZ,1689543527
370,faya-largeau,17.9257,19.1043,308.27,12,89,2.75,TD,1689543527
371,lamu,-2.2717,40.902,298.27,82,78,7.0,KE,1689543527
372,krasnokamsk,58.0802,55.7541,288.24,92,71,2.11,RU,1689543528
373,yinchuan,38.4681,106.2731,296.71,20,0,2.5,CN,1689543357
374,ad dabbah,18.05,30.95,307.07,10,0,3.45,SD,1689543528
375,lyantor,61.6195,72.1555,285.71,63,61,2.76,RU,1689543528
376,amungan,15.3652,119.9582,300.23,91,100,7.55,PH,1689543529
377,ar ruseris,11.8659,34.3869,298.94,70,100,3.05,SD,1689543529
378,ndelele,4.0333,14.9333,296.32,83,36,0.8,CM,1689543529
379,gereida,11.2811,25.1414,302.19,50,27,2.92,SD,1689543529
380,smithers,54.7804,-127.1743,296.33,40,75,4.12,CA,1689543529
381,dawei,14.0833,98.2,297.97,93,100,2.51,MM,1689543530
382,argo,37.6333,22.7333,300.81,48,0,2.12,GR,1689543530
383,capanema,-1.1958,-47.1808,296.74,97,48,1.71,BR,1689543530
384,medina,24.4686,39.6142,312.39,13,0,2.57,SA,1689543317
385,mount pearl,47.5166,-52.7813,297.34,73,75,8.23,CA,1689543348
386,dolinsk,47.35,142.8,285.38,95,100,1.27,RU,1689543531
387,aasiaat,68.7098,-52.8699,275.55,95,100,2.26,GL,1689543531
388,naze,28.3667,129.4833,300.66,84,97,7.39,JP,1689543363
389,corner brook,48.9667,-57.9484,300.24,80,83,1.84,CA,1689543483
390,tlahualilo de zaragoza,26.1167,-103.45,309.88,15,10,5.43,MX,1689543532
391,fisterra,42.9049,-9.2629,289.12,76,2,5.56,ES,1689543532
392,rawai,7.7797,98.3253,303.7,99,100,10.69,TH,1689543532
393,tinajo,29.0788,-13.7081,295.64,68,40,8.75,ES,1689543532
394,elko,41.0002,-115.5012,311.16,8,5,4.47,US,1689543533
395,walvis bay,-22.9575,14.5053,293.68,28,0,0.51,NA,1689543533
396,kokopo,-4.352,152.2633,299.37,81,93,2.66,PG,1689543533
397,tarata,-17.6167,-66.0167,298.83,35,2,3.85,BO,1689543533
398,cromer,52.9312,1.2989,289.34,76,100,7.93,GB,1689543534
399,urangan,-25.3,152.9,292.18,75,53,4.71,AU,1689543534
400,hauterive,46.0901,3.4459,291.57,69,15,0.51,FR,1689543534
401,pearsall,28.8922,-99.095,316.14,14,5,4.71,US,1689543534
402,magadan,59.5667,150.8,286.78,81,62,1.7,RU,1689543535
403,garachico,28.7781,-17.7646,294.53,78,100,7.2,ES,1689543535
404,fes,34.0372,-4.9998,302.29,44,0,2.06,MA,1689543535
405,novomykolayivka,47.9781,35.9102,290.9,62,24,1.36,UA,1689543536
406,gwadar,25.1216,62.3254,301.09,79,65,2.55,PK,1689543536
407,margate,51.3813,1.3862,289.21,75,85,4.02,GB,1689543536
408,beyla,8.6833,-8.6333,293.88,97,100,1.52,GN,1689543536
409,la'ie,21.6477,-157.9253,302.13,73,23,2.68,US,1689543537
410,china,25.7,-99.2333,314.51,14,8,8.56,MX,1689543537
411,abbeville,50.1,1.8333,290.13,91,67,3.27,FR,1689543537
412,west end,26.6833,-78.9667,303.14,72,100,3.68,BS,1689543537
413,ballina,-28.8667,153.5667,285.81,82,40,3.43,AU,1689543538
414,nogliki,51.8333,143.1667,286.37,89,100,3.81,RU,1689543538
415,aban,56.67,96.06,287.84,76,67,1.85,RU,1689543538
416,mbanza kongo,-6.267,14.2401,295.12,67,27,1.44,AO,1689543538
417,igarka,67.4667,86.5833,278.22,79,26,1.05,RU,1689543538
418,piti village,13.4626,144.6933,301.65,89,0,1.54,GU,1689543539
419,gaalkacyo,6.7697,47.4308,298.31,59,66,9.76,SO,1689543539
420,lewistown,40.5992,-77.5714,304.35,76,0,3.09,US,1689543539
421,ciudad lazaro cardenas,17.9583,-102.2,303.89,75,19,5.23,MX,1689543540
422,persembe,41.0656,37.7714,294.83,82,2,2.95,TR,1689543540
423,pachora,20.6667,75.35,298.28,82,99,5.02,IN,1689543540
424,palikir - national government center,6.9248,158.1611,299.62,89,100,2.06,FM,1689543540
425,antsiranana,-12.2787,49.2917,295.63,78,15,4.01,MG,1689543541
426,kolonia,50.9333,6.95,294.23,56,0,3.09,DE,1689543541
427,san rafael del sur,11.8485,-86.4384,300.69,72,100,5.08,NI,1689543541
428,taounate,34.5,-4.8333,302.0,39,0,1.89,MA,1689543541
429,kuanda,56.3161,116.0806,293.48,67,26,1.4,RU,1689543541
430,breckenridge,32.7557,-98.9023,312.26,25,40,4.63,US,1689543542
431,minchianabad,30.163,73.5685,305.91,58,24,1.79,PK,1689543542
432,tuensang,26.2833,94.8333,294.37,97,100,0.76,IN,1689543542
433,ust-tsilma,65.441,52.1498,289.16,88,66,1.97,RU,1689543542
434,antigo,45.1402,-89.1523,296.55,46,40,8.75,US,1689543543
435,bata,1.8639,9.7658,297.75,89,99,2.9,GQ,1689543543
436,hadibu,12.65,54.0333,298.52,81,53,8.74,YE,1689543543
437,banda aceh,5.5577,95.3222,299.66,77,100,6.06,ID,1689543543
438,geraldton,-28.7667,114.6,277.38,87,0,4.63,AU,1689543544
439,tomatlan,19.9333,-105.25,306.74,55,42,4.3,MX,1689543544
440,metahara,8.9,39.9167,299.2,51,59,6.02,ET,1689543544
441,whakatane,-37.9585,176.9854,285.86,75,5,0.89,NZ,1689543544
442,vernon,50.2581,-119.2691,309.78,14,28,1.03,CA,1689543384
443,salaga,8.5508,-0.5188,297.05,95,99,2.02,GH,1689543545
444,varna,43.2167,27.9167,296.73,88,0,0.0,BG,1689543546
445,gebeit,21.0667,36.3167,306.05,23,3,1.97,SD,1689543546
446,devils lake,48.1128,-98.8651,291.45,56,100,6.69,US,1689543546
447,port alfred,-33.5906,26.891,289.56,55,57,2.77,ZA,1689543546
448,quellon,-43.1167,-73.6167,279.29,75,0,2.57,CL,1689543547
449,nuku'alofa,-21.1333,-175.2,296.34,64,20,5.14,TO,1689543547
450,rio grande,-32.035,-52.0986,284.21,69,31,4.23,BR,1689543547
451,suva,-18.1416,178.4415,295.86,88,75,4.12,FJ,1689543548
452,kievka,50.2619,71.5514,292.28,49,7,3.47,KZ,1689543548
453,figuig (centre),32.1089,-1.2286,303.48,8,0,3.52,MA,1689543548
454,ubari,26.5921,12.7805,303.27,17,64,2.72,LY,1689543548
455,podujeva,42.9106,21.1931,298.68,78,37,0.8,XK,1689543549
456,kochenevo,55.0218,82.202,285.81,93,0,2.87,RU,1689543549
457,kirsanov,52.6549,42.7224,287.85,93,78,4.08,RU,1689543549
458,tazovsky,67.4667,78.7,279.37,55,28,4.08,RU,1689543549
459,mil'kovo,55.6078,37.7956,291.88,70,67,1.73,RU,1689543550
460,caconda,-13.7333,15.0667,288.14,35,41,1.12,AO,1689543550
461,chiang klang,19.2938,100.8617,297.0,100,98,0.22,TH,1689543550
462,salekhard,66.53,66.6019,289.56,68,70,5.4,RU,1689543550
463,laojunmiao,39.8333,97.7333,295.3,28,0,3.13,CN,1689543551
464,wynyard,-41.0,145.7167,284.59,84,77,4.32,AU,1689543551
465,jinxiang,27.4327,120.6062,299.36,90,52,3.07,CN,1689543551
466,fort st. john,56.2499,-120.8529,293.09,64,100,2.06,CA,1689543552
467,kavaratti,10.5669,72.642,301.25,78,100,8.44,IN,1689543552
468,mandalgovi,45.7625,106.2708,292.56,51,16,2.97,MN,1689543552
469,novohrad-volynskyi,50.5941,27.6165,292.37,72,0,2.93,UA,1689543552
470,kourou,5.1552,-52.6478,298.18,85,4,4.57,GF,1689543553
471,vallenar,-28.5708,-70.7581,292.29,32,100,1.83,CL,1689543553
472,pisco,-13.7,-76.2167,294.18,68,100,5.14,PE,1689543553
473,chiredzi,-21.05,31.6667,288.3,40,0,1.53,ZW,1689543553
474,missoula,47.0166,-113.8009,303.06,21,73,1.56,US,1689543554
475,jutai,-5.1833,-68.9,298.97,87,91,1.03,BR,1689543554
476,lushun,38.8,121.2667,294.27,71,0,0.54,CN,1689543554
477,tumayr,25.7039,45.868,305.27,7,0,3.97,SA,1689543554
478,manokwari,-0.8667,134.0833,298.66,79,79,1.5,ID,1689543555
479,borgarnes,64.5383,-21.9206,285.18,65,28,4.34,IS,1689543555
480,campoverde,-8.4753,-74.8058,300.98,63,87,0.59,PE,1689543555
481,kiunga,-6.1219,141.2906,295.49,94,100,0.37,PG,1689543555
482,amqui,48.4638,-67.4313,293.33,97,100,4.5,CA,1689543556
483,cocal,-28.6167,-49.35,285.78,91,37,0.96,BR,1689543556
484,vadso,70.0744,29.7487,286.64,93,20,5.66,NO,1689543556
485,kiama,-34.6833,150.8667,282.91,93,25,2.46,AU,1689543556
486,al muwayh,22.4333,41.7583,302.88,26,38,3.99,SA,1689543557
487,aldinga beach,-35.2793,138.4604,282.96,74,0,2.73,AU,1689543557
488,weno,7.4515,151.8468,299.12,94,100,2.06,FM,1689543557
489,marka,1.7159,44.7717,297.79,82,65,7.68,SO,1689543557
490,takoradi,4.8845,-1.7554,298.17,89,78,4.24,GH,1689543557
491,orkney,-26.9802,26.6727,282.72,48,0,1.1,ZA,1689543558
492,carnarvon,-24.8667,113.6333,287.88,46,0,4.54,AU,1689543558
493,lorengau,-2.0226,147.2712,301.48,78,16,5.34,PG,1689543558
494,ancud,-41.8697,-73.8203,277.08,74,4,3.77,CL,1689543558
495,mgandu,-5.95,34.1333,288.74,51,0,4.33,TZ,1689543559
496,watsa,3.0372,29.5355,291.17,93,29,0.56,CD,1689543559
497,ilheus,-14.7889,-39.0494,297.05,88,20,1.54,BR,1689543559
498,malango,-2.9627,119.9001,291.56,95,100,0.52,ID,1689543559
499,axim,4.8699,-2.2405,298.11,88,98,3.71,GH,1689543560
500,santa cruz cabralia,-16.2781,-39.0247,295.28,100,75,1.03,BR,1689543360
501,thunder bay,48.4001,-89.3168,289.14,77,75,1.54,CA,1689543560
502,strelka,58.0728,93.0344,286.05,97,81,1.87,RU,1689543560
503,yuxia,34.0615,108.6291,294.49,65,0,2.42,CN,1689543560
504,smara,26.7384,-11.6719,294.55,74,0,8.49,EH,1689543561
505,mbabane,-26.3167,31.1333,282.95,45,0,1.99,SZ,1689543561
506,dahab,28.501,34.5134,306.48,31,0,2.41,EG,1689543561
507,khuzdar,27.7384,66.6434,302.2,43,64,1.3,PK,1689543561
508,malanje,-9.5402,16.341,293.95,32,0,1.79,AO,1689543562
509,linxia chengguanzhen,35.6003,103.2064,288.6,57,60,1.88,CN,1689543562
510,novyy turtkul',41.55,61.0167,299.1,17,87,2.86,UZ,1689543562
511,galesong,-5.3166,119.3661,293.16,75,30,3.75,ID,1689543562
512,oradea,47.0667,21.9333,299.17,65,75,3.58,RO,1689543486
513,vihti,60.417,24.3197,291.96,93,100,3.58,FI,1689543563
514,thinadhoo,0.5333,72.9333,300.71,73,10,1.33,MV,1689543563
515,kingston,17.997,-76.7936,303.82,81,40,12.86,JM,1689543554
516,dindori,22.95,81.0833,297.19,90,100,1.77,IN,1689543563
517,oranjemund,-28.55,16.4333,287.75,67,9,3.2,NA,1689543563
518,bubaque,11.2833,-15.8333,300.83,80,100,7.96,GW,1689543564
519,granada,37.25,-3.25,301.09,20,3,3.09,ES,1689543564
520,beyneu,45.3167,55.2,296.75,50,24,4.57,KZ,1689543564
521,kyshtovka,56.555,76.6271,285.48,91,8,2.18,RU,1689543564
522,bandar-e lengeh,26.5579,54.8807,306.21,79,18,2.06,IR,1689543565
523,jieyang,23.5289,116.3642,300.11,94,40,4.51,CN,1689543565
524,ketchikan,55.3422,-131.6461,290.41,82,100,4.63,US,1689543565
525,yuzhno-kurilsk,44.0306,145.8556,286.87,89,100,1.79,RU,1689543565
526,cardigan,52.0847,-4.6591,289.11,91,39,5.15,GB,1689543566
527,bilmak,47.3624,36.6511,292.63,54,89,1.88,UA,1689543566
528,norfolk,42.1668,-71.2495,298.22,95,100,0.45,US,1689543566
529,jurovski dol,46.6063,15.7841,296.38,88,0,0.9,SI,1689543566
530,dalton,34.7698,-84.9702,305.88,62,20,2.06,US,1689543498
531,qarah bagh,34.9402,61.7759,298.32,23,0,3.7,AF,1689543567
532,outokumpu,62.7269,29.0159,292.09,70,100,2.71,FI,1689543567
533,kavieng,-2.5744,150.7967,301.52,76,95,3.36,PG,1689543567
534,novaya igirma,57.1334,103.9112,289.43,99,100,2.86,RU,1689543567
535,akureyri,65.6835,-18.0878,281.11,81,75,5.14,IS,1689543568
536,khurda,20.1833,85.6167,299.1,83,100,2.08,IN,1689543568
537,churapcha,62.0025,132.4325,285.33,76,12,2.57,RU,1689543568
538,zhangye,38.9342,100.4517,295.18,36,1,2.98,CN,1689543568
539,kani keli,-12.9536,45.1033,296.74,70,91,7.33,YT,1689543569
540,al mishkhab,31.8042,44.4911,309.21,8,0,3.63,IQ,1689543569
541,san luis de la loma,17.2706,-100.8939,304.39,70,17,3.41,MX,1689543569
542,kristiansund,63.1115,7.732,288.18,88,0,1.54,NO,1689543569
543,vredendal,-31.6683,18.5012,287.41,63,84,1.45,ZA,1689543569
544,onguday,50.75,86.15,285.28,71,17,1.62,RU,1689543570
545,zhezqazghan,47.7833,67.7667,300.71,28,91,1.6,KZ,1689543570
546,la ronge,55.1001,-105.2842,293.29,45,100,2.57,CA,1689543570
547,mitchell,43.7094,-98.0298,298.14,57,0,4.63,US,1689543392
548,sioux falls,43.55,-96.7003,300.07,55,40,5.14,US,1689543393
549,taoudenni,22.6783,-3.9836,310.07,29,44,6.01,ML,1689543571
550,argostolion,38.1811,20.489,300.46,60,0,0.71,GR,1689543571
551,broome,42.2506,-75.833,302.36,71,75,2.57,US,1689543572
552,urucara,-2.5364,-57.76,301.91,58,100,1.4,BR,1689543572
553,cambria,35.5641,-121.0808,311.56,60,100,2.38,US,1689543572
554,saint-philippe,-21.3585,55.7679,293.92,85,61,5.2,RE,1689543572
555,blumenau,-26.9194,-49.0661,292.01,86,0,0.83,BR,1689543573
556,itumba,-9.4,33.1833,284.19,96,2,2.32,TZ,1689543573
557,fiambala,-27.6871,-67.6149,285.06,36,14,2.69,AR,1689543573
558,harrislee,54.8,9.3833,290.07,84,99,3.6,DE,1689543573
559,masterton,-40.9597,175.6575,281.42,86,1,0.94,NZ,1689543573
560,verdun,49.25,5.3333,291.02,49,6,3.23,FR,1689543574
561,elverum,60.8819,11.5623,286.84,90,93,5.04,NO,1689543574
562,tipasa,36.5897,2.4475,300.42,71,35,2.03,DZ,1689543574
563,kish,26.5578,54.0194,306.3,84,7,3.09,IR,1689543574
564,paraiso,9.8383,-83.8656,297.63,98,100,1.83,CR,1689543575
565,tshikapa,-6.4167,20.8,297.57,31,8,0.86,CD,1689543575
566,papao,-17.75,-149.55,301.97,67,2,0.95,PF,1689543575
567,sioux city,42.5,-96.4003,300.92,47,20,3.58,US,1689543575
568,kuyeda,56.4311,55.5886,288.64,84,99,5.82,RU,1689543576
